id;firstName;lastName;birthdate;email;phone;street1;street2;city;stateProvince;postalCode;country
;John1;Doe1;1970-01-01;jdoe1@fake.com;8949201234;Industry street1;Dormunt;Los Angeles;KA;42312;US
;John2;Doe2;1970-01-02;jdoe2@fake.com;8949201235;Industry street2;Dormunt;Los Angeles;KA;42313;US
;John3;Doe3;1970-01-03;jdoe3@fake.com;8949201236;Industry street3;Dormunt;Los Angeles;KA;42314;US
;John4;Doe4;1970-01-04;jdoe4@fake.com;8949201237;Industry street4;Dormunt;Los Angeles;KA;42315;US
;John5;Doe5;1970-01-05;jdoe5@fake.com;8949201238;Industry street5;Dormunt;Los Angeles;KA;42316;US
;John6;Doe6;1970-01-06;jdoe6@fake.com;8949201239;Industry street6;Dormunt;Los Angeles;KA;42317;US
;John7;Doe7;1970-01-07;jdoe7@fake.com;8949201240;Industry street7;Dormunt;Los Angeles;KA;42318;US
;John8;Doe8;1970-01-08;jdoe8@fake.com;8949201241;Industry street8;Dormunt;Los Angeles;KA;42319;US
;John9;Doe9;1970-01-09;jdoe9@fake.com;8949201242;Industry street9;Dormunt;Los Angeles;KA;42320;US
;John10;Doe10;1970-01-10;jdoe10@fake.com;8949201243;Industry street10;Dormunt;Los Angeles;KA;42321;US
;John11;Doe11;1970-01-11;jdoe11@fake.com;8949201244;Industry street11;Dormunt;Los Angeles;KA;42322;US
;John12;Doe12;1970-01-12;jdoe12@fake.com;8949201245;Industry street12;Dormunt;Los Angeles;KA;42323;US
;John13;Doe13;1970-01-13;jdoe13@fake.com;8949201246;Industry street13;Dormunt;Los Angeles;KA;42324;US
;John14;Doe14;1970-01-14;jdoe4@fake.com;8949201247;Industry street14;Dormunt;Los Angeles;KA;42325;US
;John15;Doe15;1970-01-15;jdoe15@fake.com;8949201248;Industry street15;Dormunt;Los Angeles;KA;42326;US
